included_pathology,min,max
Absceso de espacios anatómicos buco máxilo faciales,0,100
Absceso periapical con fístula embarazada,0,100
Absceso periapical con fístula.,6,7
Absceso periapical sin fístula,6,7
Absceso periapical sin fístula embarazada,0,100
Absceso submucoso o subperióstico de origen odontogénico,0,100
Accidente Cerebrovascular Isquémico en personas de 15 años y más,15,100
"Accidente vascular encefálico agudo, no especificado como hemorrágico o isquémico",15,100
Adenocarcinoma papilar infiltrante,15,100
Adenocarcinoma papilar intraductal con invasión,15,100
Adenocarcinoma papilar intraductal no infiltrante,15,100
Adenoma (benigno) de la próstata,0,100
Agenesia de la arteria pulmonar,0,15
Agujero macular traumático,0,100
Agujero oval abierto o persistente,0,15
Alcohol,0,20
Alivio del dolor y cuidados paliativos por cáncer avanzado ,0,100
Alucinógenos,0,20
Amaurosis fugaz,15,100
Amnesia global transitoria,15,100
Aneurisma (arterial) coronario congénito,0,15
Aneurisma arteriovenoso pulmonar,0,15
Aneurisma congénito de la aorta,0,15
Aneurisma de la arteria pulmonar,0,15
Aneurisma del seno de Valsalva (con ruptura),0,15
Anomalía congénita del corazón,0,15
Anomalía de Ebstein,0,15
Anomalía de la arteria pulmonar,0,15
Anomalía de la_vena cava (inferior) (superior),0,15
Aplasia de la aorta,0,15
Arco doble [aniilo vascular] de la aorta,0,15
Arteria pulmonar aberrante,0,15
Artritis idiopática juvenil,0,100
Artritis Indiferenciada,0,100
Artritis Psoriática,0,100
Artritis reumatoidea,0,100
Artritis Reumatoídea,0,100
Artritis reumatoidea seronegativa,0,100
Artritis reumatoidea seropositiva,0,100
Artritis Sistémica,0,100
Artropatía cc/entesitis,0,100
Artrosis de (la) cadera,55,100
Artrosis de (la) cadera bilateral,55,100
Artrosis de (la) cadera bilateral leve,55,100
Artrosis de (la) cadera bilateral moderada,55,100
Artrosis de (la) cadera derecha,55,100
Artrosis de (la) cadera derecha leve,55,100
Artrosis de (la) cadera derecha moderada,55,100
Artrosis de (la) cadera izquierda,55,100
Artrosis de (la) cadera izquierda leve,55,100
Artrosis de (la) cadera izquierda moderada,55,100
Artrosis de (la) cadera leve,55,100
Artrosis de (la) cadera moderada,55,100
Artrosis de (la) rodilla,55,100
Artrosis de (la) rodilla bilateral,55,100
Artrosis de (la) rodilla bilateral leve,55,100
Artrosis de (la) rodilla bilateral moderada,55,100
Artrosis de (la) rodilla derecha,55,100
Artrosis de (la) rodilla derecha leve,55,100
Artrosis de (la) rodilla derecha moderada,55,100
Artrosis de (la) rodilla izquierda,55,100
Artrosis de (la) rodilla izquierda leve,55,100
Artrosis de (la) rodilla izquierda moderada,55,100
Artrosis de (la) rodilla leve,55,100
Artrosis de (la) rodilla moderada,55,100
"Artrosis de la cadera de causa conocida o secundaria, uni o bilateral.",65,100
"Artrosis de la cadera de causa no conocida o primaria, uni o bilateral.",65,100
Asma aguda severa,15,100
Asma aguda severa,0,15
Asma alérgica extrínseca,15,100
Asma alérgica extrínseca,0,15
Asma atópica,15,100
Asma atópica,0,15
Asma bronquial en personas de 15 años y más,15,100
Asma Bronquial moderada y grave en personas menores de 15 años,0,15
Asma de aparición tardía,15,100
Asma de aparición tardía,0,15
Asma idiosincrásica,15,100
Asma idiosincrásica,0,15
Asma intrínseca no alérgica,15,100
Asma intrínseca no alérgica,0,15
Asma mixta,15,100
Asma mixta,0,15
Asma no alérgica,15,100
Asma no alérgica,0,15
Asma predominantemente alérgica,15,100
Asma predominantemente alérgica,0,15
"Asma, no especificado",15,100
"Asma, no especificado",0,15
Aspiración neonatal de meconio,0,1
Astigmatismo,65,100
Ataques de isquemia cerebral transitoria y síndromes afines,15,100
Atresia aórtica congénita,0,15
Atresia de la aorta,0,15
Atresia de la arteria pulmonar,0,15
Atresia de la válvula pulmonar,0,15
Atresia mitral congénita,0,15
"Atresia o hipoplasia acentuada del orificio o de la válvula aórtica, con hipoplasia de la aorta ascendente y defecto del desarrollo del ventrículo izquierdo (con atresia o estenosis de la válvula mitral)",0,15
Atresia tricúspide,0,15
Aumento (benigno) de la próstata,0,100
Ausencia de la aorta,0,15
Ausencia de.la vena cava (inferior) (superior),0,15
Barra mediana prostática,0,100
Bloqueo Auriculoventricular Tercer Grado (Completo),15,100
Bloqueo Av 2º Grado: Tipos Mobitz I y II,15,100
Bloqueo Bifascicular y Bloqueo Trifascicular,15,100
Bloqueo cardíaco congénito,0,15
bouffée delirante con síntomas de esquizofrenia,0,100
Bradiarritmia secundaria a complicación de ablación con radiofrecuencia,15,100
Bronconeumonía (Todas las de manejo ambulatorio),0,5
Bronconeumonía (Todas las de manejo ambulatorio),65,100
Bronconeumonia connatal,0,1
Bronconeumonia no connatal,0,1
Bronquiolitis aguda,0,5
Bronquitis aguda,0,5
Bronquitis crónica con enfisema,0,100
Bronquitis crónica con obstrucción de las vías aéreas,0,100
Bronquitis crónica enfisematosa,0,100
Bronquitis obstructiva crónica,0,100
"Bronquitis, no especificada como aguda o crónica",0,5
Cálculo (impactado) de la vesícula biliar no especificado o sin colecistitis,35,50
"Cálculo (impactado) del conducto cístico, no especificado o sin colecistitis",35,50
"Cálculo biliar (impactado) de conducto biliar sai, no especificado o sin colangitis o sin colecistitis",35,50
"Cálculo biliar (impactado) del colédoco, no especificado o sin colangitis o sin colecistitis",35,50
"Cálculo biliar (impactado) del conducto hepático, no especificado o sin colangitis o sin colecistitis",35,50
Cálculo de conducto biliar con colangitis,35,50
Cálculo de conducto biliar con colecistitis,35,50
Cálculo de conducto biliar sin colangitis ni colecistitis,35,50
Cálculo de la vesícula biliar con colecistitis aguda,35,50
Cálculo de la vesícula biliar con otra colecistitis,35,50
Cálculo de la vesícula biliar sin colecistitis,35,50
Cálculo dentario subgingival,60,61
Cálculo dentario subgingival embarazada,0,100
Cálculo dentario supragingival,60,61
Cálculo dentario Supragingival,6,7
Cálculo dentario supragingival embarazada,0,100
Canal aurículoventricular común,0,15
cáncer,0,15
Cáncer Cervicouterino,0,100
Cáncer Colorectal en personas de 15 años y más,15,100
Cáncer de (la) mama,15,100
Cáncer de glándula endocervical,0,100
Cáncer de la unión escamocolumnar del cuello uterino,0,100
Cáncer de mama en personas de 15 años y más,15,100
Cáncer de Ovario Epitelial,0,100
Cáncer de próstata en personas de 15 años y más,15,100
Cáncer de testículo en personas de 15 años y más,15,100
Cáncer del canal cervical,0,100
Cáncer del canal endocervical,0,100
Cáncer del cérvix,0,100
Cáncer del cérvix uterino,0,100
Cáncer del cuello uterino,0,100
Cáncer del muñón cervical,0,100
Cáncer del testículo (de los dos testículos),15,100
Cáncer en personas menores de 15 años,0,15
Cáncer gástrico,0,100
Cáncer Vesical en personas de 15 años y más,15,100
Candidiasis,60,61
Cannabinoides,0,20
Carcinoma basal adenoide de cuello de útero,0,100
Carcinoma canalicular infiltrante,15,100
Carcinoma canalicular y lobulillar infiltrante,15,100
Carcinoma cribiforme,15,100
Carcinoma de células de Sertoli,15,100
Carcinoma ductal in situ,15,100
"Carcinoma ductal, tipo cribiforme",15,100
"Carcinoma ductal, tipo sólido",15,100
Carcinoma ductular infiltrante,15,100
Carcinoma hipersecretorio quístico,15,100
Carcinoma in situ de la mama,15,100
Carcinoma in situ de otras partes especificadas del cuello del útero,0,100
"Carcinoma in situ del cuello del útero, parte no especificada",0,100
Carcinoma in situ del endocervix,0,100
Carcinoma in situ del estómago,0,100
Carcinoma in situ del exocervix,0,100
Carcinoma in situ intracanalicular de la mama,15,100
Carcinoma in situ lobular de la mama,15,100
Carcinoma inflamatorio,15,100
"Carcinoma intraductal, tipo sólido",15,100
Carcinoma juvenil de la glándula mamaria,15,100
Carcinoma lobulillar,15,100
Carcinoma medular con estroma linfoide,15,100
Carcinoma secretorio de la mama,15,100
Cardiopatías congénitas operables en menores de 15 años,0,15
Caries de la dentina,60,61
Caries de la dentina,6,7
Caries de la dentina embarazada,0,100
Caries del cemento,60,61
Caries del cemento embarazada,0,100
Caries dentaria detenida,6,7
Caries limitada al esmalte (caries incipiente),60,61
Caries limitada al esmalte (caries incipiente) embarazada,0,100
Caries limitada al esmalte. (caries incipiente),6,7
Catarata traumática,0,100
catatonia esquizofrénica,0,100
Causticación grave (grado 3 y 4),0,100
Ciática por trastorno de disco intervertebral lumbar,0,100
Cifoescoliosis,0,25
Cloroma,15,100
Coartación de la aorta,0,15
Coartación de la aorta (preductal) (postductal),0,15
Cocaína,0,20
Colecistectomía preventiva del cáncer de vesícula en personas de 35 a 49 años,35,50
Colecistolitiasis no especificada o sin colecistitis,35,50
Colédocolitiasis no especificada o sin colangitis o sin colecistitis,35,50
Colelitiasis hepática no especificada o sin colangitis o sin colecistitis,35,50
Colelitiasis no especificada o sin colecistitis,35,50
Cólico (recurrente) de vesícula biliar no especificado o sin colecistitis,35,50
Cólico hepático (recurrente) no especificado o sin colangitis o sin colecistitis,35,50
Colonización por Helicobacter Pylori,0,100
Combinación de diagnósticos de Asma predominantemente alérgica y Asma no alérgica,15,100
Combinación de diagnósticos de Asma predominantemente alérgica y Asma no alérgica,0,15
Comedocarcinoma,15,100
Complicaciones Post Exodoncia: Hemorragia y Alveolitis de los maxilares,0,100
Compresión traumática del cerebro,0,100
Conducto [agujero] de Botal abierto C,0,15
Conducto arterioso permeable,0,15
"Conexión anómala de las venas pulmonares, sin otra especificación",0,15
Conexión anómala parcial de las venas pulmonares,0,15
Conexión anómala total de las venas pulmonares,0,15
Consumo Perjudicial o Dependencia de riesgo bajo a moderado de alcohol y drogas en personas menores de 20 años,0,20
Contusión grave del globo ocular y del tejido orbitario:,0,100
Coqueluche,0,5
Corazón triauricular,0,15
Corazón trilocular biauricular,0,15
Coxartrosis,55,100
Coxartrosis bilateral,55,100
Coxartrosis bilateral leve,55,100
Coxartrosis bilateral moderada,55,100
Coxartrosis derecha,55,100
Coxartrosis derecha leve,55,100
Coxartrosis derecha moderada,55,100
Coxartrosis izquierda,55,100
Coxartrosis izquierda leve,55,100
Coxartrosis izquierda moderada,55,100
Coxartrosis leve,55,100
Coxartrosis moderada,55,100
Craneofaringioma,15,100
Crisis generalizadas no refractarias,1,15
"Crisis no clasificables no refractaria (ej: provocadas por estimulo táctil, ruido)",1,15
Crisis parciales complejas no refractarias,1,15
Crisis parciales simples no refractarias,1,15
Crisis parciales simples secundariamente generalizadas no refractarias,1,15
Cualquier politraumatizado con compromiso raquimedular,0,100
Cualquier politraumatizado con lesión vascular grave,0,100
Defecto de la almohadilla endocárdica,0,15
Defecto de tabique (del corazón),0,15
Defecto del seno coronario,0,15
Defecto del seno venoso,0,15
Defecto del tabique aórtico,0,15
Defecto del tabique aortopulmonar,0,15
Defecto del tabique auricular,0,15
Defecto del tabique auricular ostium primum (tipo l),0,15
Defecto del tabique aurículoventricular,0,15
Defecto del tabique ventricular con estenosis o atresia pulmonar dextroposición de.la aorta e hipertrofia del ventrículo derecho,0,15
Defecto del tabique ventricular',0,15
Degeneración de la pulpa embarazada,0,100
Depósitos especificados sobre los dientes,60,61
Depósitos especificados sobre los dientes embarazada,0,100
"Depósitos sobre los dientes, sin especificar",6,7
Depresión en personas de 15 años y más,15,100
depresión post- esquizofrénica,0,100
Desorden linfoproliferativo crónico NK,15,100
Desórdenes linfoproliferativos asociados a inmunodeficiencia,15,100
Desórdenes linfoproliferativos asociados a inmunodeficiencia iatrogénica,15,100
Desórdenes linfoproliferativos post trasplante,15,100
Desplazamiento de disco intervertebral lumbar,0,100
Desprendimiento de la retina con ruptura,0,100
Desprendimiento de la retina con y sin desgarro,0,100
Desprendimiento de la retina sin otra especificación,0,100
Desprendimiento de retina regmatógeno no traumático,0,100
Desprendimiento de Retina traumático,0,100
Diabetes,0,100
Diabetes (mellitus) (sin obesidad) (con obesidad) de comienzo en el adulto sin mención de complicación,0,100
Diabetes (mellitus) (sin obesidad) (con obesidad) de comienzo en la madurez del adulto sin mención de complicación,0,100
Diabetes (mellitus) (sin obesidad) (con obesidad) estable sin mención de complicación,0,100
Diabetes (mellitus) (sin obesidad) (con obesidad) no cetósica sin mención de complicación,0,100
Diabetes (mellitus) (sin obesidad) (con obesidad) tipo II sin mención de complicación,0,100
Diabetes (mellitus) juvenil con cetoacidosis,0,100
Diabetes (mellitus) juvenil con coma,0,100
Diabetes (mellitus) juvenil con coma diabético con o sin cetoacidosis,0,100
Diabetes (mellitus) juvenil con coma diabético hiperosmolar,0,100
Diabetes (mellitus) juvenil con coma diabético hipoglicémico,0,100
Diabetes (mellitus) juvenil con coma hiperglicémico,0,100
Diabetes (mellitus) juvenil sin mención de complicación,0,100
Diabetes autoinmune del adulto (L.A.D.A),0,100
Diabetes con consulta y supervisión de la dieta,0,100
Diabetes estable,0,100
Diabetes gestacional,0,100
Diabetes insulinodependiente,0,100
Diabetes mellitus asociada c/desnutrición con retinopatía diabética,0,100
Diabetes mellitus con propensión a la cetosis,0,100
Diabetes mellitus insulinodependiente con acidosis diabética sin mención de coma,0,100
Diabetes mellitus insulinodependiente con cetoacidosis,0,100
Diabetes mellitus insulinodependiente con cetoacidosis diabética sin mención de coma,0,100
Diabetes mellitus insulinodependiente con coma,0,100
Diabetes mellitus insulinodependiente con coma diabético con o sin cetoacidosis,0,100
Diabetes mellitus insulinodependiente con coma diabético hiperosmolar,0,100
Diabetes mellitus insulinodependiente con coma diabético hipoglicémico,0,100
Diabetes mellitus insulinodependiente con coma hiperglicémico,0,100
Diabetes mellitus insulinodependiente con retinopatía diabética,0,100
Diabetes mellitus insulinodependiente sin mención de complicación,0,100
Diabetes mellitus no especificada con retinopatía diabética,0,100
"Diabetes mellitus no especificada, sin mención de complicación",0,100
Diabetes mellitus no insulinodependiente con retinopatía diabética,0,100
Diabetes mellitus no insulinodependiente sin cetoacidosis,0,100
Diabetes mellitus no insulinodependiente sin mención de complicación,0,100
Diabetes Mellitus Tipo 1,0,100
Diabetes Mellitus Tipo 2,0,100
Diabetes mellitus tipo I con acidosis diabética sin mención de coma,0,100
Diabetes mellitus tipo I con cetoacidosis,0,100
Diabetes mellitus tipo I con cetoacidosis diabética sin mención de coma,0,100
Diabetes mellitus tipo I con coma,0,100
Diabetes mellitus tipo I con coma diabético con o sin cetoacidosis,0,100
Diabetes mellitus tipo I con coma diabético hiperosmolar,0,100
Diabetes mellitus tipo I con coma diabético hipoglicémico,0,100
Diabetes mellitus tipo I con coma hiperglicémico,0,100
Diabetes mellitus tipo I sin mención de complicación,0,100
Diabetes no insulinodependiente juvenil sin mención de complicación,0,100
Diabetes post pancreatectomía,0,100
"Diabetes, comienzo en la edad adulta (obeso) (no obeso)",0,100
Diastematomiela,0,100
Dilatación congénita de la aorta,0,15
Disco lumbar luxado,0,100
Discordancia de la conexión aurículoventricular,0,15
Discordancia de la conexión ventrículoarterial,0,15
Disfunción del Nódulo Sinusal.,15,100
Disolventes volátiles,0,20
Disostosis mandibulofacial,0,100
Displasia broncopulmonar del prematuro,0,100
Displasia broncopulmonar originada en el periodo perinatal.,0,100
Displasia cleidocraneal,0,100
Displasia del desarrollo de la cadera,0,100
Displasia evolutiva de caderas.,0,100
Displasia luxante de caderas,0,100
"Displasia luxante de caderas leve, moderada y/ o severa",0,100
Disrafias espinales,0,100
Divertículo congénito del ventrículo izquierdo,0,15
Edema cerebral traumático,0,100
Encefalocele,0,100
Encefalocele de cualquier sitio,0,100
Encefalocele frontal,0,100
Encefalocele nasofrontal,0,100
Encefalocele occipital,0,100
Encefalomielocele,0,100
Endoftalmitis traumática,0,100
Endoprótesis total de cadera en personas de 65 años y más con artrosis de cadera con limitación funcional severa,65,100
Endotropía acomodativa y parcialmente acomodativa,0,9
Endotropía comitante adquirida,0,9
Endotropía esencial o infantil,0,9
Endotropía no clasificada,0,9
Endotropía precoz,0,9
Enfermedad congénita del corazón,0,15
Enfermedad de Di Guglielmo,15,100
Enfermedad de la membrana hialina del recién nacido,0,1
Enfermedad de Paget y carcinoma infiltrante del conducto de la mama,15,100
Enfermedad de Paget y carcinoma intraductal de la mama,15,100
"Enfermedad de Paget, mamaria",15,100
Enfermedad de Parkinson,0,100
Enfermedad de Parkinson.,0,100
Enfermedad luxante de cadera,0,100
"Enfermedad pulmonar obstructiva crónica con exacerbación aguda, no especificada",0,100
Enfermedad pulmonar obstructiva crónica con infección aguda de las vías respiratorias inferiores,0,100
Enfermedad Pulmonar Obstructiva Crónica de Tratamiento Ambulatorio,0,100
"Enfermedad pulmonar obstructiva crónica, no especificada",0,100
Enfermedad renal crónica etapa 4 y 5,0,100
Enfermedad Renal Crónica Etapa 4 y 5,0,100
Enfermedades linfoproliferativas asociadas a inmunodeficiencia primaria,15,100
Enfermedades linfoproliferativas del niño virus Epstein Barr positivo,15,100
Enfisema buloso del pulmón,0,100
Enfisema centrolobular,0,100
Enfisema panacinar,0,100
Enfisema panlobular,0,100
Enfisema vesicular del pulmón,0,100
"Enfisema, no especificado",0,100
Epiglotitis,0,5
Epilepsia criptogenética no refractaria,1,15
Epilepsia Idiopática no refractaria,1,15
Epilepsia no refractaria,15,100
Epilepsia no refractaria en personas de 15 años y más,15,100
Epilepsia no refractaria en personas desde 1 año y menores de 15 años,1,15
Epilepsia sintomática no refractaria,1,15
Episodio depresivo grave con síntomas sicóticos,15,100
Episodio depresivo grave sin síntomas sicóticos,15,100
Episodio depresivo leve,15,100
Episodio depresivo moderado,15,100
Episodio depresivo sin especificación,15,100
Eritremia aguda,15,100
Eritroleucemia,15,100
Esclerosis múltiple remitente recurrente ,0,100
Esclerosis múltiple remitente recurrente.,0,100
Escoliosis asociada a cualquier síndrome,0,25
Escoliosis asociada a displasia ósea,0,25
Escoliosis congénita,0,25
Escoliosis de la adolescencia,0,25
Escoliosis idiopática infantil,0,25
Escoliosis idiopática juvenil,0,25
Escoliosis neuromuscular,0,25
Escoliosis toracogénica,0,25
Espina bífida (abierta) (quística),0,100
Espina bífida cervical con hidrocefalia,0,100
Espina bífida cervical sin hidrocefalia,0,100
Espina bífida con hidrocefalia,0,100
Espina bífida dorsal,0,100
Espina bífida dorsal con hidrocefalia,0,100
Espina bífida lumbar con hidrocefalia,0,100
Espina bífida lumbar sin hidrocefalia,0,100
Espina bífida lumbosacra,0,100
Espina bífida lumbosacra con hidrocefalia,0,100
Espina bífida oculta,0,100
Espina bífida sacra con hidrocefalia,0,100
Espina bífida sacra sin hidrocefalia,0,100
Espina bífida torácica con hidrocefalia,0,100
Espina bífida torácica sin hidrocefalia,0,100
Espina bífida toracolumbar,0,100
Espina bífida toracolumbar con hidrocefalia,0,100
"Espina bífida, no especificada",0,100
Esquizofrenia,0,100
Esquizofrenia aguda,0,100
Esquizofrenia atípica,0,100
Esquizofrenia catatónica,0,100
Esquizofrenia crónica,0,100
Esquizofrenia desorganizada,0,100
Esquizofrenia hebefrénica,0,100
Esquizofrenia indiferenciada,0,100
Esquizofrenia latente,0,100
Esquizofrenia paranoide,0,100
Esquizofrenia pseudoneurótica,0,100
Esquizofrenia pseudopsicopática,0,100
Esquizofrenia residual,0,100
Esquizofrenia simple.,0,100
Estado asmático,15,100
Estado asmático,0,15
estado delirante no orgánico,0,100
estado esquizofrénico,0,100
estado esquizofrénico residual,0,100
estado paranoide,0,100
Estenosis aórtica,15,100
Estenosis aórtica congénita,0,15
Estenosis aórtica supravalvular,0,15
Estenosis congénita de la válvula aórtica,0,15
Estenosis congénita de la válvula pulmonar,0,15
Estenosis congénita de la válvula tricúspide,0,15
Estenosis congénita de la vena cava,0,15
Estenosis congénita de la vena cava (inferior) (superior),0,15
Estenosis de la aorta,0,15
Estenosis de la arteria pulmonar,0,15
Estenosis del canal neural por disco intervertebral,0,100
Estenosis del infundíbulo pulmonar,0,15
Estenosis mitral,15,100
Estenosis mitral congénita,0,15
Estenosis subaórtica congénita,0,15
Estenosis Tricuspídea,15,100
Estrabismo en personas menores de 9 años,0,9
"Estrabismos paralíticos, restrictivos o sensoriales",0,9
Estrabismos residuales o evolutivos en pacientes ya tratados de estrabismo,0,9
Estrabismos verticales,0,9
Exotropía intermitente,0,9
Exotropía no clasificada,0,9
Exotropía permanente,0,9
Exotropía precoz,0,9
Fibrilación y/o aleteo auricular con conducción A-V acelerada refractaria,15,100
Fibroadenoma de la próstata,0,100
Fibroma de la próstata,0,100
Fibrosis Quística,0,100
Fibrosis Quística,0,100
Filum Corto,0,100
Fisura congénita de labio,0,100
Fisura del paladar,0,100
Fisura del paladar blando,0,100
Fisura del paladar blando con labio leporino,0,100
"Fisura del paladar blando con labio leporino, bilateral",0,100
"Fisura del paladar blando con labio leporino, unilateral",0,100
Fisura del paladar con labio leporino,0,100
"Fisura del paladar con labio leporino bilateral, sin otra especificación",0,100
"Fisura del paladar con labio leporino unilateral, sin otra especificación",0,100
Fisura del paladar duro,0,100
Fisura del paladar duro con labio leporino,0,100
"Fisura del paladar duro con labio leporino, bilateral",0,100
"Fisura del paladar duro con labio leporino, unilateral",0,100
Fisura del paladar duro y del paladar blando,0,100
Fisura del paladar duro y del paladar blando con labio leporino,0,100
"Fisura del paladar duro y del paladar blando con labio leporino, bilateral",0,100
"Fisura del paladar duro y del paladar blando con labio leporino, unilateral",0,100
"Fisura del paladar, sin otra especificación",0,100
Fisura labiopalatina,0,100
Flegmones oro-faríngeos de origen odontogénico,0,100
Folie a deux con síntomas de esquizofrenia,0,100
Formación anormal de tejido duro en la pulpa embarazada,0,100
Fractura cerrada de huesos del cráneo y de la cara,0,100
"Fractura cerrada de la base del cráneo, con traumatismo intracraneal",0,100
"Fractura cerrada de la bóveda del cráneo, con traumatismo intracraneal",0,100
"Fractura de huesos del cráneo y de la cara, con TEC",0,100
Fractura de la base del cráneo con traumatismo intracraneal,0,100
Fractura de la bóveda del cráneo con traumatismo intracraneal,0,100
Fractura de la fosa anterior,0,100
Fractura de la fosa media,0,100
Fractura de la fosa posterior,0,100
Fractura del esfenoides,0,100
Fractura del hueso frontal con traumatismo intracraneal,0,100
Fractura del hueso parietal con traumatismo intracraneal,0,100
"Fractura del hueso temporal, con traumatismo intracraneal",0,100
"Fractura del occipucio, con traumatismo intracraneal",0,100
Fractura del seno etmoidal,0,100
"Fractura del seno frontal, con traumatismo intracraneal",0,100
"Fractura del techo orbitario, con traumatismo intracraneal",0,100
Fractura expuesta de huesos del cráneo y de la cara,0,100
"Fractura expuesta de la base del cráneo, con traumatismo intracraneal",0,100
"Fractura expuesta de la bóveda del cráneo, con traumatismo intracraneal",0,100
Fractura orbitaria con hipo o enoftalmo,0,100
"Fracturas múltiples del cráneo (y de la cara), con traumatismo intracraneal",0,100
Gingivitis aguda,60,61
Gingivitis aguda embarazada,0,100
Gingivitis crónica,60,61
Gingivitis crónica embarazada,0,100
Gingivitis hiperplásica,6,7
Gingivitis marginal simple,6,7
Gingivitis úlcero necrótica,0,100
Gonartrosis,55,100
Gonartrosis bilateral,55,100
Gonartrosis bilateral leve,55,100
Gonartrosis bilateral moderada,55,100
Gonartrosis derecha,55,100
Gonartrosis derecha leve,55,100
Gonartrosis derecha moderada,55,100
Gonartrosis izquierda,55,100
Gonartrosis izquierda leve,55,100
Gonartrosis izquierda moderada,55,100
Gonartrosis leve,55,100
Gonartrosis moderada,55,100
Gran Quemado,0,100
Granulomatosis linfomatoide,15,100
"Gripe con manifestaciones respiratorias, virus no identificado",0,5
Hebefrenia,0,100
Hemangioblastoma encefálico,15,100
Hemofilia,0,100
Hemofilia A,0,100
Hemofilia B,0,100
Hemorragia cerebelosa traumática,0,100
Hemorragia de múltiples arterias intracraneales por ruptura de aneurismas,0,100
Hemorragia epidural traumática,0,100
"Hemorragia epidural traumática, con herida intracraneal",0,100
"Hemorragia epidural traumática, sin herida intracraneal",0,100
Hemorragia extradural (traumática),0,100
Hemorragia intracerebral focal traumática,0,100
Hemorragia por ruptura de aneurisma del polígono de Willis,0,100
"Hemorragia subaracnoidea de arteria basilar, por ruptura de aneurisma",0,100
"Hemorragia subaracnoidea de arteria cerebral media, por ruptura de aneurisma",0,100
"Hemorragia subaracnoidea de arteria cerebral, por ruptura de aneurisma",0,100
"Hemorragia subaracnoidea de arteria comunicante anterior, por ruptura de aneurisma",0,100
"Hemorragia subaracnoidea de arteria comunicante posterior, por ruptura de aneurisma",0,100
"Hemorragia subaracnoidea de arteria comunicante, por ruptura de aneurisma",0,100
Hemorragia subaracnoidea de arteria intracraneal por ruptura de aneurisma,0,100
Hemorragia subaracnoidea por ruptura de aneurisma,0,100
Hemorragia subaracnoidea por ruptura de aneurisma cerebral,0,100
Hemorragia Subaracnoidea secundaria a Ruptura de Aneurismas Cerebrales,0,100
Hemorragia subaracnoídea traumática,0,100
"Hemorragia subaracnoídea traumática, con herida intracraneal",0,100
"Hemorragia subaracnoídea traumática, sin herida intracraneal",0,100
Hemorragia subdural traumática,0,100
"Hemorragia subdural traumática, con herida intracraneal",0,100
"Hemorragia subdural traumática, sin herida intracraneal",0,100
Hendidura labial congénita,0,100
Hepatitis Crónica por Virus Hepatitis B,0,100
Hepatitis crónica por Virus Hepatitis B,0,100
Herida palpebral con compromiso Vía lagrimal y/o borde libre,0,100
Herida penetrante de globo ocular sin cuerpo extraño,0,100
Herida penetrante del globo ocular con cuerpo extraño,0,100
Herida perforante ocular,0,100
Hernia diafragmática congénita,0,1
Hernia discal lumbar,0,100
Hernia Núcleo Pulposo lumbar,0,100
Hidroencefalocele,0,100
Hidromeningocele (raquídeo),0,100
Hidromeningocele craneano,0,100
Hifema traumático,0,100
Hipermetropía,65,100
Hiperplasia de la próstata,0,100
Hipersensibilidad del Seno Carotídeo,15,100
Hipertensión Arterial Primaria o Esencial,15,100
Hipertensión arterial primaria o esencial en personas de 15 años y más,15,100
Hipertensión pulmonar persistente,0,1
Hipertrofia (benigna) de la próstata,0,100
Hipertrofia adenofibromatosa de la próstata,0,100
Hipoacusia neurosensorial bilateral del prematuro,0,100
Hipoacusia neurosensorial moderada,0,4
Hipoacusia neurosensorial profunda,0,4
Hipoacusia neurosensorial severa,0,4
"Hipoacusia neurosensorial, bilateral del prematuro.",0,100
Hipoplasia de la aorta,0,15
Hipoplasia de la arteria pulmonar,0,15
Hipoplasia del esmalte,6,7
Hipotiroidismo,15,100
Hipotiroidismo en personas de 15 años y más,15,100
Íleo Meconial (en recién nacidos).,0,100
Infarto (agudo) del miocardio con elevación del segmento ST,0,100
Infarto (agudo) del miocardio no Q,0,100
Infarto (agudo) del miocardio Q,0,100
Infarto (agudo) del miocardio sin supradesnivel ST,0,100
Infarto agudo del miocardio,0,100
Infarto agudo del miocardio de la pared inferior,0,100
Infarto agudo del miocardio sin otra especificación,0,100
Infarto agudo del ventrículo derecho,0,100
Infarto agudo transmural del miocardio de otros sitios,0,100
Infarto cerebral debido a embolia de arterias cerebrales,15,100
Infarto cerebral debido a embolia de arterias precerebrales,15,100
Infarto cerebral debido a oclusión o estenosis no especificada de arterias cerebrales,15,100
Infarto cerebral debido a oclusión o estenosis no especificada de arterias precerebrales,15,100
Infarto cerebral debido a trombosis de arterias cerebrales,15,100
Infarto cerebral debido a trombosis de arterias precerebrales,15,100
"Infarto cerebral debido a trombosis de venas cerebrales, no piógeno",15,100
"Infarto cerebral, no especificado",15,100
Infarto con infradesnivel ST,0,100
Infarto con supradesnivel ST,0,100
Infarto del miocardio no transmural sin otra especificación,0,100
Infarto recurrente del miocardio,0,100
Infarto subendocárdico agudo del miocardio,0,100
Infarto transmural (agudo) alto lateral,0,100
Infarto transmural (agudo) anteroapical,0,100
Infarto transmural (agudo) anterolateral,0,100
Infarto transmural (agudo) anteroseptal,0,100
Infarto transmural (agudo) apicolateral,0,100
Infarto transmural (agudo) de (pared) anterior sin otra especificación,0,100
Infarto transmural (agudo) de (pared) lateral sin otra especificación,0,100
Infarto transmural (agudo) de pared diafragmática,0,100
Infarto transmural (agudo) inferolateral,0,100
Infarto transmural (agudo) ínferoposterior,0,100
Infarto transmural (agudo) laterobasal,0,100
Infarto transmural (agudo) posterior (verdadero),0,100
Infarto transmural (agudo) posterobasal,0,100
Infarto transmural (agudo) posterolateral,0,100
Infarto transmural (agudo) posteroseptal,0,100
Infarto transmural (agudo) septal sin otra especificación,0,100
Infarto transmural agudo del miocardio de la pared anterior,0,100
Infarto transmural agudo del miocardio de la pared inferior,0,100
"Infarto transmural agudo del miocardio, de sitio no especificado",0,100
Infarto transmural del miocardio,0,100
Infección aguda no especificada de las vías respiratorias inferiores,0,5
Infección por Virus de la Inmunodeficiencia Humana (VIH),0,100
Infección respiratoria aguda (IRA) de manejo ambulatorio en personas menores de 5 años,0,5
Influenza,0,5
Insuficiencia aórtica,15,100
Insuficiencia congénita de la válvula aórtica,0,15
Insuficiencia congénita de la válvula pulmonar,0,15
Insuficiencia mitral,15,100
Insuficiencia mitral congénita,0,15
Insuficiencia Tricuspídea,15,100
"Isquemia cerebral transitoria, sin otra especificación",15,100
Isquemia del miocardio recurrente,0,100
Labio hendido,0,100
Labio leporino,0,100
"Labio leporino, bilateral",0,100
"Labio leporino, línea media",0,100
"Labio leporino, unilateral",0,100
Laceración cerebral focal,0,100
Laceración conjuntival > 10 mm,0,100
Laceración corneal,0,100
Laceración del cerebro sin otra especificación,0,100
Laringitis aguda,0,5
Laringitis obstructiva aguda,0,5
Laringotraqueítis,0,5
Lesión de sitios contiguos de la vejiga,15,100
Lesión neoplásica de sitios contiguos de la mama,15,100
Leucemia,15,100
Leucemia aguda,15,100
"Leucemia aguda, células de tipo no especificado",15,100
Leucemia aleucémica,15,100
Leucemia Basofílica,15,100
Leucemia Blástica,15,100
Leucemia crónica,15,100
"Leucemia crónica, células de tipo no especificado",15,100
Leucemia de células de Burkitt,15,100
Leucemia de células vellosas,15,100
Leucemia de hemocitoblastos,15,100
Leucemia en personas de 15 años y más,15,100
Leucemia eosinofílica,15,100
Leucemia granulocítica (crónica),15,100
Leucemia linfática crónica/linfoma linfocítico,15,100
Leucemia linfoblástica aguda,15,100
Leucemia linfocítica crónica,15,100
Leucemia linfocitos T grandes granulares,15,100
Leucemia linfoide,15,100
Leucemia linfoide aleucémica,15,100
Leucemia megacarioblástica,15,100
Leucemia megacarioblástica aguda,15,100
Leucemia megacariocítica (aguda),15,100
Leucemia mielógena,15,100
Leucemia mieloide,15,100
Leucemia mieloide aguda,15,100
Leucemia mieloide aleucémica,15,100
Leucemia mieloide crónica,15,100
Leucemia mielomonocítica aguda,15,100
Leucemia monocítica,15,100
Leucemia monocítica aguda,15,100
Leucemia monocitoide,15,100
Leucemia NK agresiva,15,100
Leucemia prolinfocítica,15,100
Leucemia prolinfocítica B,15,100
Leucemia prolinfocítica T,15,100
Leucemia promielocítica aguda,15,100
Leucemia/Linfoma T del adulto,15,100
Leucoplasia,60,61
Leucoplasia pilosa,60,61
Linfoma 1° derrames,15,100
"Linfoma anaplástico células grandes, ALK negativo",15,100
"Linfoma anaplástico células grandes, ALK positivo",15,100
Linfoma angioinmunoblástico T,15,100
"Linfoma B, inclasificable, intermedio entre difuso células grandes B y Burkitt",15,100
"Linfoma B, inclasificable, intermedio entre difuso células grandes B y linfoma de Hodgkin clásico.",15,100
Linfoma células grandes B en Enfermedad de Castelman asociado a HHV8,15,100
"Linfoma células grandes B, ALK positivo",15,100
Linfoma células grandes rico células T,15,100
Linfoma de Hodgkin,15,100
Linfoma de Hodgkin clásico,15,100
Linfoma de Hodgkin Clásico celularidad mixta,15,100
Linfoma de Hodgkin Clásico depleción linfocitaria,15,100
Linfoma de Hodgkin Clásico esclerosis nodular,15,100
Linfoma de Hodgkin Clásico rico en linfocitos,15,100
Linfoma de Hodgkin predominio linfocítico nodular,15,100
Linfoma de zona marginal nodal,15,100
Linfoma del manto,15,100
Linfoma difuso células grandes asociado a inflamación crónica,15,100
"Linfoma difuso células grandes B, no especificado",15,100
Linfoma EBV positivo del anciano,15,100
Linfoma esplénico zona marginal,15,100
Linfoma extranodal de zona marginal de tejido asociado a mucosas (MALT),15,100
Linfoma extranodal T/NK tipo nasal,15,100
Linfoma folicular,15,100
Linfoma intravascular células grandes B,15,100
Linfoma linfoplasmocítico,15,100
Linfoma no Hodgkin,15,100
Linfoma no Hodgkin Leucemia/Linfoma linfoblástico de precursores B,15,100
Linfoma no Hodgkin Neoplasias de precursores linfoides,15,100
Linfoma no Hodgkin/Linfoma linfoblástico T,15,100
"Linfoma periférico T, no especificado",15,100
Linfoma plasmablástico,15,100
Linfoma Primario Cutáneo B,15,100
"Linfoma primario cutáneo T, CD30+, subtipos raros",15,100
Linfoma primario del mediastino células grandes B,15,100
Linfoma primario SNC,15,100
Linfoma T hepatoesplénico,15,100
Linfoma T tipo enteropatía,15,100
"Linfoma/leucemia, inclasificable:",15,100
"Linfoma/leucemia, inclasificable: Esplénico difuso pulpa roja células B pequeñas",15,100
"Linfoma/leucemia, inclasificable: Variante leucemia de células vellosas",15,100
Linfomas en personas de 15 años y más,15,100
Linfomas relacionados al virus de inmunodeficiencia humana (VIH),15,100
Lipoma Cono Medular,0,100
Lipoma D Efilum,0,100
Lipoma Extradural,0,100
Lipomeningocele,0,100
lnsuficiencia aórtica congénita,0,15
Lupus Eritematoso Sistémico,0,100
Lupus Eritematoso Sistémico,0,100
Luxación disco (intervertebral) lumbar,0,100
Malformación congénita de la válvula pulmonar,0,15
"Malformación congénita de la várvula tricúspide, no especificada",0,15
Malformación congénita de las cámaras cardíacas y de sus conexiones,0,15
"Malformación congénita de las grandes arterias, no especificada",0,15
"Malformación congénita de las grandes venas, no especificada",0,15
"Malformación congénita de las válvulas aórtica y mitral, no especificada",0,15
"Malformación congénita del corazón, no especificada",0,15
Malformación congénita del miocardio,0,15
Malformación congénita del pericardio,0,15
"Malformación congénita del tabique cardíaco, no especificada",0,15
Malformación de los vasos coronarios,0,15
Médula Anclada,0,100
Meningioma encefálico,15,100
Meningocele (raquídeo),0,100
Meningocele cerebral,0,100
Meningoencefalocele,0,100
Meningomielocele,0,100
Micosis fungoide,15,100
Mielocele,0,100
Mielocistocele,0,100
Mielomeningocele,0,100
Mielomeningocistocele,0,100
Mielopatía por desplazamiento o hernia de disco vertebral lumbar,0,100
Mioma de la próstata,0,100
Miopía,65,100
Mucoviscidosis,0,100
Múltiples drogas u otras sustancias psicoactivas,0,20
Necrosis de la pulpa embarazada,0,100
Necrosis de la pulpa. ( gangrena de la pulpa),6,7
Neoplasia intraepitelial cervical [NIC],0,100
"Neoplasia intraepitelial cervical [NIC], grado I",0,100
"Neoplasia intraepitelial cervical [NIC], grado II",0,100
"Neoplasia intraepitelial cervical [NIC], grado III, con o sin mención de displasia severa",0,100
Neoplasias B maduras,15,100
Neoplasias de células maduras,15,100
Neoplasias T y NK maduras,15,100
Neumonía (Todas las de manejo ambulatorio),0,5
Neumonía (Todas las de manejo ambulatorio),65,100
Neumonía adquirida en la comunidad de manejo ambulatorio en personas de 65 años y más,65,100
Neumonitis infecciosa (Todas las de manejo ambulatorio),65,100
Neumopatía aguda (Todas las de manejo ambulatorio),65,100
Neuropatía óptica traumática.,0,100
Oclusión y estenosis de arterias cerebrales y precerebrales que ocasionan infarto cerebral,15,100
Oligoartritis Poliartritis (FR +),0,100
Opioides,0,20
Osteosarcoma,15,100
Osteosarcoma en personas de 15 años y más,15,100
Ostium secundum (tipo ll) abierto o persistente,0,15
Otra diabetes mellitus especificada con retinopatía diabética,0,100
"Otra diabetes mellitus no especificada, sin mención de complicación",0,100
Otra malformación congénita de las cámaras cardíacas y de sus conexiones,0,15
Otra malformación congénitas de la válvula pulmonar,0,15
Otras caries dentales,60,61
Otras caries dentales,6,7
Otras caries dentales embarazada,0,100
Otras escoliosis secundarias,0,25
Otras isquemias cerebrales transitorias y síndromes afines,15,100
Otras lesiones traumáticas severas del globo ocular,0,100
Otras malformaciones congénitas de la aorta,0,15
Otras malformaciones congénitas de la arteria pulmonar,0,15
Otras malformaciones congénitas de la válvula tricúspide,0,15
Otras malformaciones congénitas de las grandes arterias,0,15
Otras malformaciones congénitas de las grandes venas,0,15
Otras malformaciones congénitas de las válvulas aórticas y mitral,0,15
Otras malformaciones congénitas de los tabiques cardíacos,0,15
"Otras malformaciones congénitas del corazón, especificadas",0,15
Otras sustancias adictivas (excluyendo la cafeína y nicotina),0,20
Otros carcinomas in situ de la mama,15,100
Otros depósitos blandos densos: materia alba,60,61
Otros depósitos blandos densos: materia alba,6,7
Otros depósitos blandos densos: materia alba embarazada,0,100
Otros depósitos especificados sobre los dientes,6,7
Otros depósitos sobre los dientes sin especificar,60,61
Otros depósitos sobre los dientes sin especificar embarazada,0,100
Otros episodios depresivos,15,100
Otros infartos cerebrales,15,100
Otros tipos de enfisema,0,100
Otros trastornos bipolares,15,100
Otros trastornos depresivos recurrentes,15,100
Palatosquisis,0,100
"Paniculitis subcutánea, tipo linfoma T",15,100
Película pigmentada,60,61
Película pigmentada,6,7
Película pigmentada embarazada,0,100
Pentalogía de Fallot,0,15
"Pérdida de dientes debido a accidentes, extracción o enfermedad periodontal local o edentulismo total o parcial embarazada",0,100
"Pérdida de dientes debido a accidentes, extracción o enfermedad periodontal local o edentulismos total o parcial",60,61
Pericoronaritis aguda,6,7
Pericoronaritis Aguda,0,100
Periodontitis aguda,60,61
Periodontitis aguda embarazada,0,100
Periodontitis apical aguda originada en la pulpa,6,7
Periodontitis apical aguda originada en la pulpa embarazada,0,100
Periodontitis apical crónica embarazada,0,100
"Periodontitis apical crónica, granuloma apical",6,7
Periodontitis crónica,60,61
Periodontitis crónica embarazada,0,100
Persistencia de la vena cava superior izquierda,0,15
Persistencia de las asas del arco aórtico,0,15
Persistencia del conducto arterioso,0,15
Persistencia del tronco arterioso,0,15
Placa bacteriana,60,61
Placa bacteriana,6,7
Placa bacteriana embarazada,0,100
Pleuroneumonía (Todas las de manejo ambulatorio),65,100
Poliartritis FR (-),0,100
Poliartritis inflamatoria,0,100
Poliartropatía inflamatoria,0,100
Pólipos mayor o igual de 1 cm,35,50
Politraumatizado Grave,0,100
Posición anómala del corazón,0,15
Presbicia,65,100
psicosis esquizofreniforme,0,100
Pulpitis,6,7
Pulpitis,0,100
Pulpitis embarazada,0,100
Queilosquisis,0,100
Quemado adulto de probabilidad de sobrevida excepcional,0,100
Quemado crítico adulto,0,100
Quemado critico infantil,0,100
"Quemado digestivo adulto (esófago, otras partes)",0,100
Quemado digestivo infantil (esófago. otras partes),0,100
Quemado grave adulto,0,100
Quemado grave Infantil,0,100
Quemado infantil de probabilidad de sobrevida excepcional,0,100
Quemado respiratorio adulto o infantil,0,100
Quiste Dermoide o Epidermoide Raquideo,0,100
Quiste Neuroentérico,0,100
Quiste radicular embarazada,0,100
Radiculopatía por desplazamiento o hernia de disco intervertebral lumbar,0,100
Raquisquisis,0,100
reacción esquizofrénica,0,100
Regurgitación congénita de la válvula pulmonar,0,15
Reinfarto (agudo) anteroapical,0,100
Reinfarto (agudo) anterolateral,0,100
Reinfarto (agudo) anteroseptal,0,100
Reinfarto (agudo) de (pared) anterior sin otra especificación,0,100
Reinfarto (agudo) de (pared) inferior del miocardio,0,100
Reinfarto (agudo) de (pared) lateral del miocardio,0,100
Reinfarto (agudo) de pared diafragmática del miocardio,0,100
Reinfarto (agudo) del miocardio alto lateral,0,100
Reinfarto (agudo) del miocardio apicolateral,0,100
Reinfarto (agudo) del miocardio basolateral,0,100
Reinfarto (agudo) del miocardio inferolateral,0,100
Reinfarto (agudo) del miocardio ínferoposterior,0,100
Reinfarto (agudo) del miocardio posterior (verdadero),0,100
Reinfarto (agudo) del miocardio posterobasal,0,100
Reinfarto (agudo) del miocardio posterolateral,0,100
Reinfarto (agudo) del miocardio posteroseptal,0,100
Reinfarto (agudo) del miocardio septal,0,100
Reinfarto del miocardio,0,100
Reinfarto del miocardio de la pared anterior,0,100
Reinfarto del miocardio de la pared inferior,0,100
Reinfarto del miocardio de otros sitios,0,100
"Reinfarto del miocardio, de parte no especificada.",0,100
Retinopatía del prematuro,0,100
Retinopatía del prematuro.,0,100
Retinopatía diabética,0,100
Retinopatía diabética,0,100
Retinosquisis y quistes de la retina,0,100
Retracción gingival,60,61
Retracción gingival embarazada,0,100
Rotura y estallido ocular,0,100
Ruptura de aneurisma cerebral,0,100
Ruptura de aneurisma cerebral congénito,0,100
Salud oral integral de la embarazada,0,100
Salud Oral Integral del adulto de 60 años,60,61
Salud oral integral para niños y niñas de 6 años,6,7
Sarcoma granulocítica,15,100
Sarcoma mieloide,15,100
Secuelas de estrabismos paralíticos restrictivos o sensoriales,0,9
Sedantes o hipnóticos,0,20
Seminoma,15,100
Seminoma con índice mitótico alto,15,100
Seminoma espermatocítico,15,100
Seminoma tipo anaplásico,15,100
Síncope neurocardiogénico maligno,15,100
Síncope por bradiarritmia,15,100
Síndrome arterial vértebro-basilar,15,100
Síndrome bronquial obstructivo agudo,0,5
Síndrome bronquial obstructivo recurrente del lactante y prescolar,0,15
Síndrome coqueluchoideo,0,5
Síndrome de Apert,0,100
Síndrome de arteria carótida (hemisférico),15,100
Síndrome de Crouzon,0,100
Síndrome de Dificultad Respiratoria en el recién nacido,0,1
Síndrome de hipoplasia del corazón derecho,0,15
Síndrome de hipoplasia del corazón izquierdo,0,15
Síndrome de Inmunodeficiencia Adquirida (SIDA),0,100
Sindrome de la cimitarra,0,15
Síndrome de la inmunodeficiencia adquirida VIH/SIDA,0,100
Síndrome de Pierre-Robin,0,100
Síndrome de Sezary,15,100
Síndrome de Stokes-Adams,15,100
Síndrome de Taussig-Bing,0,15
Síndrome de Van der Woude,0,100
Síndrome del Seno Enfermo o Enfermedad del Nódulo Sinusal (Ens),15,100
Síndrome Taquicardia-Bradicardia,15,100
Síndrome velocardiofacial,0,100
Síndromes arteriales precerebrales bilaterales y múltiples,15,100
Sinus Dermal,0,100
Siringomielocele,0,100
Subluxación de cadera,0,100
Teratoma trofoblástico maligno,15,100
Tetralogía de Fallot,0,15
Toda opacidad del cristalino que disminuya o perturbe la visión.,0,100
Transposición (completa) de los grandes vasos,0,15
Transposición de los grandes vasos en ventrículo derecho,0,15
Transposición de los grandes vasos en ventrículo izquierdo,0,15
Traqueítis,0,5
Traqueobronquitis,0,5
Traqueobronquitis obstructiva crónica,0,100
Trastorno Bipolar en personas de 15 años y más,15,100
Trastorno bipolar sin especificación,15,100
"Trastorno bipolar, actualmente en remisión",15,100
"Trastorno bipolar, episodio actual depresivo grave con síntomas psicóticos",15,100
"Trastorno bipolar, episodio actual depresivo grave sin síntomas psicóticos",15,100
"Trastorno bipolar, episodio actual depresivo leve o moderado",15,100
"Trastorno bipolar, episodio actual hipomaniaco",15,100
"Trastorno bipolar, episodio actual maniaco con síntomas psicóticos",15,100
"Trastorno bipolar, episodio actual maniaco sin síntomas psicóticos",15,100
"Trastorno bipolar, episodio actual mixto",15,100
trastorno de ideas delirantes inducidas con síntomas de esquizofrenia,0,100
Trastorno de ritmo después de la fase aguda del Infarto Agudo del Miocardio,15,100
trastorno delirante no orgánico,0,100
Trastorno depresivo recurrente actualmente en remisión,15,100
Trastorno depresivo recurrente sin especificación,15,100
"Trastorno depresivo recurrente, episodio actual grave con síntomas sicóticos",15,100
"Trastorno depresivo recurrente, episodio actual grave sin síntomas sicóticos",15,100
"Trastorno depresivo recurrente, episodio actual leve",15,100
"Trastorno depresivo recurrente, episodio actual moderado",15,100
trastorno esquizoafectivo,0,100
trastorno esquizofreniforme,0,100
trastorno esquizotípico,0,100
trastorno psicótico agudo con síntomas de esquizofrenia,0,100
trastorno psicótico agudo con síntomas de esquizofrenia,0,100
"Trastornos de generación del impulso y conducción en personas de 15 años y más, que requieren Marcapaso",15,100
Tratamiento de Erradicación del Helicobacter Pylori,0,100
Tratamiento de Hipoacusia moderada en personas menores de 4 años,0,4
Tratamiento de la hiperplasia benigna de la próstata en personas sintomáticas,0,100
"Tratamiento Médico en personas de 55 años y más con Artrosis de Cadera y/o Rodilla, leve o moderada",55,100
Tratamiento quirúrgico de cataratas,0,100
Tratamiento quirúrgico de escoliosis en personas menores de 25 años,0,25
Tratamiento Quirúrgico de Hernia del Núcleo Pulposo Lumbar,0,100
Tratamiento Quirúrgico de lesiones crónicas de la válvula aórtica en personas de 15 años y más,15,100
Tratamiento Quirúrgico de lesiones crónicas de las válvulas mitral y tricúspide en personas de 15 años y más,15,100
Trauma Ocular Grave,0,100
Traumatismo abdominal contuso complicado,0,100
Traumatismo abdominal penetrante complicado,0,100
Traumatismo cerebral difuso,0,100
"Traumatismo cerebral difuso, con herida intracraneal",0,100
"Traumatismo cerebral difuso, sin herida intracraneal",0,100
Traumatismo cervical contuso complicado,0,100
Traumatismo cervical penetrante complicado,0,100
Traumatismo Cráneo Encefálico moderado o grave,0,100
Traumatismo de la corteza visual,0,100
Traumatismo de otros nervios craneales,0,100
Traumatismo de varios nervios craneales,0,100
Traumatismo de! nervio hipogloso [duodécimo par craneal] [XII par],0,100
Traumatismo de¡ nervio hipogloso (XII par),0,100
Traumatismo del cuarto par craneal,0,100
Traumatismo del encéfalo y de nervios craneales con traumatismo de nervios y médula espinal a nivel del cuello,0,100
Traumatismo del nervio acústico (VIII par),0,100
Traumatismo del nervio auditivo,0,100
Traumatismo del nervio espinal (XI par),0,100
Traumatismo del nervio facial (VII par),0,100
Traumatismo del nervio glosofaríngeo (XI par),0,100
Traumatismo del nervio glosofaríngeo [noveno par craneal] [IX par],0,100
Traumatismo del nervio motor ocular común (III par),0,100
Traumatismo del nervio motor ocular externo (VI par),0,100
Traumatismo del nervio neumogástrico [décimo par craneal] [X par],0,100
Traumatismo del nervio olfatorio [primer par craneal] [I par],0,100
Traumatismo del nervio óptico (Il par) y de las vías ópticas,0,100
Traumatismo del nervio patético (IV par),0,100
Traumatismo del nervio trigémino (V par),0,100
Traumatismo del octavo par craneal,0,100
Traumatismo del quiasma óptico,0,100
Traumatismo del quinto par craneal,0,100
Traumatismo del segundo par craneal,0,100
Traumatismo del séptimo par craneal,0,100
Traumatismo del sexto par craneal,0,100
Traumatismo del tercer par craneal,0,100
Traumatismo del undécimo par craneal,0,100
Traumatismo dento alveolar,0,100
Traumatismo intracraneal con coma prolongado,0,100
"Traumatismo intracraneal, con herida intracraneal",0,100
Traumatismo pelviano contuso complicado,0,100
Traumatismo pelviano penetrante complicado,0,100
Traumatismo por aplastamiento de la cabeza,0,100
Traumatismo por aplastamiento de la cara,0,100
Traumatismo por aplastamiento del cráneo,0,100
Traumatismo toráxico contuso complicado,0,100
Traumatismo toráxico penetrante complicado,0,100
Tronco arterioso común,0,15
Tumor benigno de la hipófisis,15,100
Tumor de células de Leydig,15,100
Tumor de células intersticiales del testículo,15,100
Tumor de comportamiento incierto o desconocido de la mama,15,100
Tumor de testículo derivado del parénquima,15,100
Tumor del testículo derivado del mesénquima,15,100
"Tumor filoides, maligno",15,100
Tumor maligno de la cúpula vesical,15,100
"Tumor maligno de la curvatura mayor del estómago, sin otra especificación",0,100
"Tumor maligno de la curvatura menor del estómago, sin otra especificación",0,100
Tumor maligno de la mama,15,100
Tumor maligno de la pared anterior de la vejiga,15,100
Tumor maligno de la pared lateral de la vejiga,15,100
Tumor maligno de la pared posterior de la vejiga,15,100
Tumor maligno de la porción central de la mama,15,100
Tumor maligno de la prolongación axilar de la mama,15,100
Tumor maligno de la próstata,15,100
Tumor maligno de la trompa de Falopio,0,100
Tumor maligno de la unión,15,100
Tumor maligno de la unión cardioesofágica,0,100
Tumor maligno de la unión gastroesofágica,0,100
Tumor maligno de la vejiga urinaria,15,100
"Tumor maligno de la vejiga urinaria, parte no especificada",15,100
Tumor maligno de orificio del cardias,0,100
Tumor maligno del ángulo esplénico,15,100
Tumor maligno del ángulo hepático,15,100
Tumor maligno del antro gástrico,0,100
Tumor maligno del antro pilórico,0,100
Tumor maligno del apéndice,15,100
Tumor maligno del cardias,0,100
Tumor maligno del ciego,15,100
Tumor maligno del colon,15,100
Tumor maligno del colon ascendente,15,100
Tumor maligno del colon descendente,15,100
Tumor maligno del colon sigmoideo,15,100
Tumor maligno del colon transverso,15,100
Tumor maligno del conducto pilórico,0,100
Tumor maligno del cuadrante inferior externo de la mama,15,100
Tumor maligno del cuadrante inferior interno de la mama,15,100
Tumor maligno del cuadrante superior externo de la mama,15,100
Tumor maligno del cuadrante superior interno de la mama,15,100
Tumor maligno del cuello de la vejiga,15,100
"Tumor maligno del cuello del útero, sin otra especificación",0,100
Tumor maligno del cuerpo del estómago,0,100
Tumor maligno del endocervix,0,100
Tumor maligno del exocervix,0,100
Tumor maligno del fundus gástrico,0,100
Tumor maligno del orificio ureteral,15,100
Tumor maligno del ovario,0,100
Tumor maligno del pezón y de la aréola mamaria,15,100
Tumor maligno del píloro,0,100
Tumor maligno del prepíloro,0,100
Tumor maligno del recto,15,100
Tumor maligno del tejido conjuntivo de la mama,15,100
Tumor maligno del testículo,15,100
Tumor maligno del testículo descendido,15,100
Tumor maligno del testículo ectópico,15,100
Tumor maligno del testículo escrotal,15,100
Tumor maligno del testículo no descendido,15,100
Tumor maligno del testículo retenido,15,100
Tumor maligno del trígono vesical,15,100
Tumor maligno del uraco,15,100
Tumores del Sistema Nerviosos Central de crecimiento rápido,0,15
Tumores Primarios del Sistema Nervioso Central en personas de 15 años o más,15,100
Ulcera corneal de origen traumático,0,100
Urgencia Odontológica Ambulatoria,0,100
Ventana aortopulmonar,0,15
Ventrículo común,0,15
Ventrículo con doble entrada,0,15
Ventrículo único,0,15
Vicios de refracción en personas de 65 años y más,65,100
Wolff Parkinson White,0,15